출처분류명,대표키워드명,대표키워드언급수
네이버블로그,산방산맛집,13224
네이버블로그,성산일출봉맛집,9161
네이버블로그,서귀포맛집,1721
네이버블로그,산방산,1502
네이버블로그,천지연폭포맛집,1460
네이버블로그,제주구좌맛집,1102
네이버블로그,제주한림맛집,595
네이버블로그,비자림맛집,490
네이버블로그,새별오름,294
네이버블로그,제주중문맛집,267
네이버블로그,제주캠핑,204
네이버블로그,비자림펜션,138
네이버블로그,무지개해안도로,123
네이버블로그,제주도관광지,77
네이버블로그,제주캠핑용품,67
네이버블로그,할인,65
네이버블로그,천제연폭포맛집,54
네이버블로그,제주도캠핑,40
네이버블로그,제주오름,38
네이버블로그,제주차박,18
네이버블로그,테디베어뮤지엄,13
네이버블로그,족은노꼬메오름,8
네이버블로그,도르르김밥,1
인스타그램,섭지코지,3360
인스타그램,제주핫플,2328
인스타그램,아르떼뮤지엄,2222
인스타그램,산방산,1884
인스타그램,새별오름,1841
인스타그램,애월맛집,1751
인스타그램,협재해수욕장,1713
인스타그램,캠핑,1352
인스타그램,제주도숙소,1226
인스타그램,함덕해수욕장,919
인스타그램,아쿠아플라넷제주,531
인스타그램,스누피,487
인스타그램,스누피가든,442
인스타그램,금악오름,394
인스타그램,제주김밥맛집,384
인스타그램,제주도캠핑,324
인스타그램,용머리해안,255
인스타그램,카멜리아힐,212
인스타그램,제주오름,178
인스타그램,제주차박용품대여,123
인스타그램,애월카페,112
인스타그램,제주캠핑,92
인스타그램,천지연폭포,90
인스타그램,지식,57
인스타그램,반디파스타,25
인스타그램,제주캠핑용품대여,22
인스타그램,족은노꼬메오름,12
인스타그램,제주,10
인스타그램,늦은업뎃,1
트위터,제주도렌트카,145
트위터,제주,69
트위터,산방산,36
트위터,반디파스타,30
트위터,용머리해안,28
트위터,제주도2박3일여행,16
트위터,비자림,13
트위터,성산일출봉,13
트위터,새별오름,10
트위터,스누피가든,9
트위터,승환이를위한제주맛집,8
트위터,제주해수욕장,8
트위터,jeju,6
트위터,제주도겨울여행,6
트위터,김희재,4
트위터,제주관광,4
트위터,제주도관광,4
트위터,제주도여행가볼만한곳,3
트위터,대한민국청소년의회,2
트위터,판포포구,2
트위터,폭포,2
트위터,중문맛집,1
트위터,캠핑,1
페이스북,힙플레이스,41
페이스북,제주핫플,36
페이스북,서귀포맛집,32
페이스북,제주카페추천,16
페이스북,에코랜드,5
페이스북,광치기해변,4
페이스북,제주도카페추천,4
페이스북,금악오름,2
페이스북,김녕미로공원,2
페이스북,목장카페드르쿰다,2
페이스북,송당무끈모루카페,2
페이스북,수국축제,2
페이스북,애월,2
페이스북,일출랜드,2
페이스북,표선해수욕장,2
페이스북,그랑블루요트,1
페이스북,눈내리는섬,1
페이스북,도라지식당,1
페이스북,사진놀이터,1
페이스북,새별프렌즈,1
페이스북,선녀와나무꾼,1
페이스북,수풍석뮤지엄,1
페이스북,수풍석박물관,1
페이스북,월정리해변,1
페이스북,제주,1
페이스북,제주벨미,1
페이스북,제주신화월드,1
페이스북,제주포토존,1
페이스북,폴더,1
페이스북,허브동산,1
페이스북,협재해수욕장,1
