계절,지역명,전체조회
봄,비자림,27966
봄,사려니숲길,27450
봄,성산일출봉(UNESCO 세계자연유산),26456
봄,우도(해양도립공원),25962
봄,용머리해안,14156
봄,천지연폭포,12869
봄,쇠소깍,12471
봄,주상절리대(중문대포해안),12286
봄,만장굴,11884
봄,섭지코지,11555
여름,비자림,20925
여름,성산일출봉(UNESCO 세계자연유산),20097
여름,사려니숲길,19775
여름,우도(해양도립공원),18669
여름,오설록티뮤지엄,13456
여름,협재해수욕장,12396
여름,천지연폭포,11492
여름,함덕해수욕장,11401
여름,만장굴,10643
여름,제주민속오일시장,10319
가을,성산일출봉(UNESCO 세계자연유산),22446
가을,비자림,21409
가을,한라산영실코스,21240
가을,사려니숲길,19049
가을,우도(해양도립공원),14063
가을,용머리해안,13792
가을,새별오름,12894
가을,주상절리대(중문대포해안),12731
가을,제주민속오일시장,12188
가을,천지연폭포,11452
겨울,사려니숲길,24972
겨울,성산일출봉(UNESCO 세계자연유산),23013
겨울,비자림,20322
겨울,우도(해양도립공원),17180
겨울,한라산영실코스,15916
겨울,제주민속오일시장,12446
겨울,새별오름,11038
겨울,만장굴,10570
겨울,용머리해안,10470
겨울,쇠소깍,9895
